Birthday,Age Segment,Marital Status,Sex,Age Group,sid
*,*,*,*,*,0
2003,*,*,*,*,1
2002,*,*,*,*,2
2001,*,*,*,*,3
2000,*,*,*,*,4
1999,*,*,*,*,5
1998,*,*,*,*,6
1997,*,*,*,*,7
1996,*,*,*,*,8
1995,*,*,*,*,9
1994,*,*,*,*,10
1993,*,*,*,*,11
1992,*,*,*,*,12
1991,*,*,*,*,13
1990,*,*,*,*,14
1989,*,*,*,*,15
1988,*,*,*,*,16
1987,*,*,*,*,17
1986,*,*,*,*,18
1985,*,*,*,*,19
1984,*,*,*,*,20
1983,*,*,*,*,21
1982,*,*,*,*,22
1981,*,*,*,*,23
1980,*,*,*,*,24
1979,*,*,*,*,25
1978,*,*,*,*,26
1977,*,*,*,*,27
1976,*,*,*,*,28
1975,*,*,*,*,29
1974,*,*,*,*,30
1973,*,*,*,*,31
1972,*,*,*,*,32
1971,*,*,*,*,33
1970,*,*,*,*,34
1969,*,*,*,*,35
1968,*,*,*,*,36
1967,*,*,*,*,37
1966,*,*,*,*,38
1965,*,*,*,*,39
1964,*,*,*,*,40
1963,*,*,*,*,41
1962,*,*,*,*,42
1961,*,*,*,*,43
1960,*,*,*,*,44
1959,*,*,*,*,45
1958,*,*,*,*,46
1957,*,*,*,*,47
1956,*,*,*,*,48
1955,*,*,*,*,49
1954,*,*,*,*,50
1953,*,*,*,*,51
1952,*,*,*,*,52
1951,*,*,*,*,53
1950,*,*,*,*,54
1949,*,*,*,*,55
1948,*,*,*,*,56
1947,*,*,*,*,57
1946,*,*,*,*,58
1945,*,*,*,*,59
1944,*,*,*,*,60
1943,*,*,*,*,61
1942,*,*,*,*,62
1941,*,*,*,*,63
1940,*,*,*,*,64
1939,*,*,*,*,65
1938,*,*,*,*,66
1937,*,*,*,*,67
1936,*,*,*,*,68
1935,*,*,*,*,69
1934,*,*,*,*,70
1933,*,*,*,*,71
1932,*,*,*,*,72
1931,*,*,*,*,73
1930,*,*,*,*,74
1929,*,*,*,*,75
1928,*,*,*,*,76
*,15-19 years,*,*,*,77
*,20-24 years,*,*,*,78
*,25-34 years,*,*,*,79
*,35-44 years,*,*,*,80
*,45-54 years,*,*,*,81
*,55-64 years,*,*,*,82
*,65-74 years,*,*,*,83
*,75-84 years,*,*,*,84
*,85 years and over,*,*,*,85
2003,15-19 years,*,*,*,86
2002,15-19 years,*,*,*,87
2001,15-19 years,*,*,*,88
2000,15-19 years,*,*,*,89
1999,15-19 years,*,*,*,90
1998,20-24 years,*,*,*,91
1997,20-24 years,*,*,*,92
1996,20-24 years,*,*,*,93
1995,20-24 years,*,*,*,94
1994,20-24 years,*,*,*,95
1993,25-34 years,*,*,*,96
1992,25-34 years,*,*,*,97
1991,25-34 years,*,*,*,98
1990,25-34 years,*,*,*,99
1989,25-34 years,*,*,*,100
1988,25-34 years,*,*,*,101
1987,25-34 years,*,*,*,102
1986,25-34 years,*,*,*,103
1985,25-34 years,*,*,*,104
1984,25-34 years,*,*,*,105
1983,35-44 years,*,*,*,106
1982,35-44 years,*,*,*,107
1981,35-44 years,*,*,*,108
1980,35-44 years,*,*,*,109
1979,35-44 years,*,*,*,110
1978,35-44 years,*,*,*,111
1977,35-44 years,*,*,*,112
1976,35-44 years,*,*,*,113
1975,35-44 years,*,*,*,114
1974,35-44 years,*,*,*,115
1973,45-54 years,*,*,*,116
1972,45-54 years,*,*,*,117
1971,45-54 years,*,*,*,118
1970,45-54 years,*,*,*,119
1969,45-54 years,*,*,*,120
1968,45-54 years,*,*,*,121
1967,45-54 years,*,*,*,122
1966,45-54 years,*,*,*,123
1965,45-54 years,*,*,*,124
1964,45-54 years,*,*,*,125
1963,55-64 years,*,*,*,126
1962,55-64 years,*,*,*,127
1961,55-64 years,*,*,*,128
1960,55-64 years,*,*,*,129
1959,55-64 years,*,*,*,130
1958,55-64 years,*,*,*,131
1957,55-64 years,*,*,*,132
1956,55-64 years,*,*,*,133
1955,55-64 years,*,*,*,134
1954,55-64 years,*,*,*,135
1953,65-74 years,*,*,*,136
1952,65-74 years,*,*,*,137
1951,65-74 years,*,*,*,138
1950,65-74 years,*,*,*,139
1949,65-74 years,*,*,*,140
1948,65-74 years,*,*,*,141
1947,65-74 years,*,*,*,142
1946,65-74 years,*,*,*,143
1945,65-74 years,*,*,*,144
1944,65-74 years,*,*,*,145
1943,75-84 years,*,*,*,146
1942,75-84 years,*,*,*,147
1941,75-84 years,*,*,*,148
1940,75-84 years,*,*,*,149
1939,75-84 years,*,*,*,150
1938,75-84 years,*,*,*,151
1937,75-84 years,*,*,*,152
1936,75-84 years,*,*,*,153
1935,75-84 years,*,*,*,154
1934,75-84 years,*,*,*,155
1933,85 years and over,*,*,*,156
1932,85 years and over,*,*,*,157
1931,85 years and over,*,*,*,158
1930,85 years and over,*,*,*,159
1929,85 years and over,*,*,*,160
1928,85 years and over,*,*,*,161
*,*,Married(a),*,*,162
*,*,Separated,*,*,163
*,*,Divorced,*,*,164
*,*,Widowed,*,*,165
*,*,Never married,*,*,166
2003,*,Married(a),*,*,167
2003,*,Separated,*,*,168
2002,*,Divorced,*,*,169
2002,*,Widowed,*,*,170
2001,*,Never married,*,*,171
2001,*,Married(a),*,*,172
2000,*,Separated,*,*,173
2000,*,Divorced,*,*,174
1999,*,Widowed,*,*,175
1999,*,Never married,*,*,176
1998,*,Married(a),*,*,177
1998,*,Separated,*,*,178
1997,*,Divorced,*,*,179
1997,*,Widowed,*,*,180
1996,*,Never married,*,*,181
1996,*,Married(a),*,*,182
1995,*,Separated,*,*,183
1995,*,Divorced,*,*,184
1994,*,Widowed,*,*,185
1994,*,Never married,*,*,186
1993,*,Married(a),*,*,187
1992,*,Separated,*,*,188
1991,*,Divorced,*,*,189
1990,*,Widowed,*,*,190
1989,*,Never married,*,*,191
1988,*,Married(a),*,*,192
1987,*,Separated,*,*,193
1986,*,Divorced,*,*,194
1985,*,Widowed,*,*,195
1984,*,Never married,*,*,196
1983,*,Married(a),*,*,197
1982,*,Separated,*,*,198
1981,*,Divorced,*,*,199
1980,*,Widowed,*,*,200
1979,*,Never married,*,*,201
1978,*,Married(a),*,*,202
1977,*,Separated,*,*,203
1976,*,Divorced,*,*,204
1975,*,Widowed,*,*,205
1974,*,Never married,*,*,206
1973,*,Married(a),*,*,207
1972,*,Separated,*,*,208
1971,*,Divorced,*,*,209
1970,*,Widowed,*,*,210
1969,*,Never married,*,*,211
1968,*,Married(a),*,*,212
1967,*,Separated,*,*,213
1966,*,Divorced,*,*,214
1965,*,Widowed,*,*,215
1964,*,Never married,*,*,216
1963,*,Married(a),*,*,217
1962,*,Separated,*,*,218
1961,*,Divorced,*,*,219
1960,*,Widowed,*,*,220
1959,*,Never married,*,*,221
1958,*,Married(a),*,*,222
1957,*,Separated,*,*,223
1956,*,Divorced,*,*,224
1955,*,Widowed,*,*,225
1954,*,Never married,*,*,226
1953,*,Married(a),*,*,227
1952,*,Separated,*,*,228
1951,*,Divorced,*,*,229
1950,*,Widowed,*,*,230
1949,*,Never married,*,*,231
1948,*,Married(a),*,*,232
1947,*,Separated,*,*,233
1946,*,Divorced,*,*,234
1945,*,Widowed,*,*,235
1944,*,Never married,*,*,236
1943,*,Married(a),*,*,237
1942,*,Separated,*,*,238
1941,*,Divorced,*,*,239
1940,*,Widowed,*,*,240
1939,*,Never married,*,*,241
1938,*,Married(a),*,*,242
1937,*,Separated,*,*,243
1936,*,Divorced,*,*,244
1935,*,Widowed,*,*,245
1934,*,Never married,*,*,246
1933,*,Married(a),*,*,247
1933,*,Separated,*,*,248
1932,*,Divorced,*,*,249
1931,*,Widowed,*,*,250
1930,*,Never married,*,*,251
1930,*,Married(a),*,*,252
1930,*,Separated,*,*,253
1929,*,Divorced,*,*,254
1929,*,Widowed,*,*,255
1928,*,Never married,*,*,256
*,15-19 years,Married(a),*,*,257
*,15-19 years,Separated,*,*,258
*,15-19 years,Divorced,*,*,259
*,15-19 years,Widowed,*,*,260
*,15-19 years,Never married,*,*,261
*,20-24 years,Married(a),*,*,262
*,20-24 years,Separated,*,*,263
*,20-24 years,Divorced,*,*,264
*,20-24 years,Widowed,*,*,265
*,20-24 years,Never married,*,*,266
*,25-34 years,Married(a),*,*,267
*,25-34 years,Separated,*,*,268
*,25-34 years,Divorced,*,*,269
*,25-34 years,Widowed,*,*,270
*,25-34 years,Never married,*,*,271
*,35-44 years,Married(a),*,*,272
*,35-44 years,Separated,*,*,273
*,35-44 years,Divorced,*,*,274
*,35-44 years,Widowed,*,*,275
*,35-44 years,Never married,*,*,276
*,45-54 years,Married(a),*,*,277
*,45-54 years,Separated,*,*,278
*,45-54 years,Divorced,*,*,279
*,45-54 years,Widowed,*,*,280
*,45-54 years,Never married,*,*,281
*,55-64 years,Married(a),*,*,282
*,55-64 years,Separated,*,*,283
*,55-64 years,Divorced,*,*,284
*,55-64 years,Widowed,*,*,285
*,55-64 years,Never married,*,*,286
*,65-74 years,Married(a),*,*,287
*,65-74 years,Separated,*,*,288
*,65-74 years,Divorced,*,*,289
*,65-74 years,Widowed,*,*,290
*,65-74 years,Never married,*,*,291
*,75-84 years,Married(a),*,*,292
*,75-84 years,Separated,*,*,293
*,75-84 years,Divorced,*,*,294
*,75-84 years,Widowed,*,*,295
*,75-84 years,Never married,*,*,296
*,85 years and over,Married(a),*,*,297
*,85 years and over,Separated,*,*,298
*,85 years and over,Divorced,*,*,299
*,85 years and over,Widowed,*,*,300
*,85 years and over,Never married,*,*,301
2003,15-19 years,Married(a),*,*,302
2003,15-19 years,Separated,*,*,303
2002,15-19 years,Divorced,*,*,304
2002,15-19 years,Widowed,*,*,305
2001,15-19 years,Never married,*,*,306
2001,15-19 years,Married(a),*,*,307
2000,15-19 years,Separated,*,*,308
2000,15-19 years,Divorced,*,*,309
1999,15-19 years,Widowed,*,*,310
1999,15-19 years,Never married,*,*,311
1998,20-24 years,Married(a),*,*,312
1998,20-24 years,Separated,*,*,313
1997,20-24 years,Divorced,*,*,314
1997,20-24 years,Widowed,*,*,315
1996,20-24 years,Never married,*,*,316
1996,20-24 years,Married(a),*,*,317
1995,20-24 years,Separated,*,*,318
1995,20-24 years,Divorced,*,*,319
1994,20-24 years,Widowed,*,*,320
1994,20-24 years,Never married,*,*,321
1993,25-34 years,Married(a),*,*,322
1992,25-34 years,Separated,*,*,323
1991,25-34 years,Divorced,*,*,324
1990,25-34 years,Widowed,*,*,325
1989,25-34 years,Never married,*,*,326
1988,25-34 years,Married(a),*,*,327
1987,25-34 years,Separated,*,*,328
1986,25-34 years,Divorced,*,*,329
1985,25-34 years,Widowed,*,*,330
1984,25-34 years,Never married,*,*,331
1983,35-44 years,Married(a),*,*,332
1982,35-44 years,Separated,*,*,333
1981,35-44 years,Divorced,*,*,334
1980,35-44 years,Widowed,*,*,335
1979,35-44 years,Never married,*,*,336
1978,35-44 years,Married(a),*,*,337
1977,35-44 years,Separated,*,*,338
1976,35-44 years,Divorced,*,*,339
1975,35-44 years,Widowed,*,*,340
1974,35-44 years,Never married,*,*,341
1973,45-54 years,Married(a),*,*,342
1972,45-54 years,Separated,*,*,343
1971,45-54 years,Divorced,*,*,344
1970,45-54 years,Widowed,*,*,345
1969,45-54 years,Never married,*,*,346
1968,45-54 years,Married(a),*,*,347
1967,45-54 years,Separated,*,*,348
1966,45-54 years,Divorced,*,*,349
1965,45-54 years,Widowed,*,*,350
1964,45-54 years,Never married,*,*,351
1963,55-64 years,Married(a),*,*,352
1962,55-64 years,Separated,*,*,353
1961,55-64 years,Divorced,*,*,354
1960,55-64 years,Widowed,*,*,355
1959,55-64 years,Never married,*,*,356
1958,55-64 years,Married(a),*,*,357
1957,55-64 years,Separated,*,*,358
1956,55-64 years,Divorced,*,*,359
1955,55-64 years,Widowed,*,*,360
1954,55-64 years,Never married,*,*,361
1953,65-74 years,Married(a),*,*,362
1952,65-74 years,Separated,*,*,363
1951,65-74 years,Divorced,*,*,364
1950,65-74 years,Widowed,*,*,365
1949,65-74 years,Never married,*,*,366
1948,65-74 years,Married(a),*,*,367
1947,65-74 years,Separated,*,*,368
1946,65-74 years,Divorced,*,*,369
1945,65-74 years,Widowed,*,*,370
1944,65-74 years,Never married,*,*,371
1943,75-84 years,Married(a),*,*,372
1942,75-84 years,Separated,*,*,373
1941,75-84 years,Divorced,*,*,374
1940,75-84 years,Widowed,*,*,375
1939,75-84 years,Never married,*,*,376
1938,75-84 years,Married(a),*,*,377
1937,75-84 years,Separated,*,*,378
1936,75-84 years,Divorced,*,*,379
1935,75-84 years,Widowed,*,*,380
1934,75-84 years,Never married,*,*,381
1933,85 years and over,Married(a),*,*,382
1933,85 years and over,Separated,*,*,383
1932,85 years and over,Divorced,*,*,384
1931,85 years and over,Widowed,*,*,385
1930,85 years and over,Never married,*,*,386
1930,85 years and over,Married(a),*,*,387
1930,85 years and over,Separated,*,*,388
1929,85 years and over,Divorced,*,*,389
1929,85 years and over,Widowed,*,*,390
1928,85 years and over,Never married,*,*,391
*,*,*,Male,*,392
*,*,*,Female,*,393
2003,*,*,Male,*,394
2002,*,*,Male,*,395
2001,*,*,Male,*,396
2001,*,*,Female,*,397
2000,*,*,Female,*,398
1999,*,*,Female,*,399
1998,*,*,Male,*,400
1997,*,*,Male,*,401
1996,*,*,Male,*,402
1996,*,*,Female,*,403
1995,*,*,Female,*,404
1994,*,*,Female,*,405
1993,*,*,Male,*,406
1992,*,*,Male,*,407
1991,*,*,Male,*,408
1990,*,*,Male,*,409
1989,*,*,Male,*,410
1988,*,*,Female,*,411
1987,*,*,Female,*,412
1986,*,*,Female,*,413
1985,*,*,Female,*,414
1984,*,*,Female,*,415
1983,*,*,Male,*,416
1982,*,*,Male,*,417
1981,*,*,Male,*,418
1980,*,*,Male,*,419
1979,*,*,Male,*,420
1978,*,*,Female,*,421
1977,*,*,Female,*,422
1976,*,*,Female,*,423
1975,*,*,Female,*,424
1974,*,*,Female,*,425
1973,*,*,Male,*,426
1972,*,*,Male,*,427
1971,*,*,Male,*,428
1970,*,*,Male,*,429
1969,*,*,Male,*,430
1968,*,*,Female,*,431
1967,*,*,Female,*,432
1966,*,*,Female,*,433
1965,*,*,Female,*,434
1964,*,*,Female,*,435
1963,*,*,Male,*,436
1962,*,*,Male,*,437
1961,*,*,Male,*,438
1960,*,*,Male,*,439
1959,*,*,Male,*,440
1958,*,*,Female,*,441
1957,*,*,Female,*,442
1956,*,*,Female,*,443
1955,*,*,Female,*,444
1954,*,*,Female,*,445
1953,*,*,Male,*,446
1952,*,*,Male,*,447
1951,*,*,Male,*,448
1950,*,*,Male,*,449
1949,*,*,Male,*,450
1948,*,*,Female,*,451
1947,*,*,Female,*,452
1946,*,*,Female,*,453
1945,*,*,Female,*,454
1944,*,*,Female,*,455
1943,*,*,Male,*,456
1942,*,*,Male,*,457
1941,*,*,Male,*,458
1940,*,*,Male,*,459
1939,*,*,Male,*,460
1938,*,*,Female,*,461
1937,*,*,Female,*,462
1936,*,*,Female,*,463
1935,*,*,Female,*,464
1934,*,*,Female,*,465
1933,*,*,Male,*,466
1932,*,*,Male,*,467
1931,*,*,Male,*,468
1930,*,*,Male,*,469
1930,*,*,Female,*,470
1929,*,*,Female,*,471
1928,*,*,Female,*,472
*,15-19 years,*,Male,*,473
*,15-19 years,*,Female,*,474
*,20-24 years,*,Male,*,475
*,20-24 years,*,Female,*,476
*,25-34 years,*,Male,*,477
*,25-34 years,*,Female,*,478
*,35-44 years,*,Male,*,479
*,35-44 years,*,Female,*,480
*,45-54 years,*,Male,*,481
*,45-54 years,*,Female,*,482
*,55-64 years,*,Male,*,483
*,55-64 years,*,Female,*,484
*,65-74 years,*,Male,*,485
*,65-74 years,*,Female,*,486
*,75-84 years,*,Male,*,487
*,75-84 years,*,Female,*,488
*,85 years and over,*,Male,*,489
*,85 years and over,*,Female,*,490
2003,15-19 years,*,Male,*,491
2002,15-19 years,*,Male,*,492
2001,15-19 years,*,Male,*,493
2001,15-19 years,*,Female,*,494
2000,15-19 years,*,Female,*,495
1999,15-19 years,*,Female,*,496
1998,20-24 years,*,Male,*,497
1997,20-24 years,*,Male,*,498
1996,20-24 years,*,Male,*,499
1996,20-24 years,*,Female,*,500
1995,20-24 years,*,Female,*,501
1994,20-24 years,*,Female,*,502
1993,25-34 years,*,Male,*,503
1992,25-34 years,*,Male,*,504
1991,25-34 years,*,Male,*,505
1990,25-34 years,*,Male,*,506
1989,25-34 years,*,Male,*,507
1988,25-34 years,*,Female,*,508
1987,25-34 years,*,Female,*,509
1986,25-34 years,*,Female,*,510
1985,25-34 years,*,Female,*,511
1984,25-34 years,*,Female,*,512
1983,35-44 years,*,Male,*,513
1982,35-44 years,*,Male,*,514
1981,35-44 years,*,Male,*,515
1980,35-44 years,*,Male,*,516
1979,35-44 years,*,Male,*,517
1978,35-44 years,*,Female,*,518
1977,35-44 years,*,Female,*,519
1976,35-44 years,*,Female,*,520
1975,35-44 years,*,Female,*,521
1974,35-44 years,*,Female,*,522
1973,45-54 years,*,Male,*,523
1972,45-54 years,*,Male,*,524
1971,45-54 years,*,Male,*,525
1970,45-54 years,*,Male,*,526
1969,45-54 years,*,Male,*,527
1968,45-54 years,*,Female,*,528
1967,45-54 years,*,Female,*,529
1966,45-54 years,*,Female,*,530
1965,45-54 years,*,Female,*,531
1964,45-54 years,*,Female,*,532
1963,55-64 years,*,Male,*,533
1962,55-64 years,*,Male,*,534
1961,55-64 years,*,Male,*,535
1960,55-64 years,*,Male,*,536
1959,55-64 years,*,Male,*,537
1958,55-64 years,*,Female,*,538
1957,55-64 years,*,Female,*,539
1956,55-64 years,*,Female,*,540
1955,55-64 years,*,Female,*,541
1954,55-64 years,*,Female,*,542
1953,65-74 years,*,Male,*,543
1952,65-74 years,*,Male,*,544
1951,65-74 years,*,Male,*,545
1950,65-74 years,*,Male,*,546
1949,65-74 years,*,Male,*,547
1948,65-74 years,*,Female,*,548
1947,65-74 years,*,Female,*,549
1946,65-74 years,*,Female,*,550
1945,65-74 years,*,Female,*,551
1944,65-74 years,*,Female,*,552
1943,75-84 years,*,Male,*,553
1942,75-84 years,*,Male,*,554
1941,75-84 years,*,Male,*,555
1940,75-84 years,*,Male,*,556
1939,75-84 years,*,Male,*,557
1938,75-84 years,*,Female,*,558
1937,75-84 years,*,Female,*,559
1936,75-84 years,*,Female,*,560
1935,75-84 years,*,Female,*,561
1934,75-84 years,*,Female,*,562
1933,85 years and over,*,Male,*,563
1932,85 years and over,*,Male,*,564
1931,85 years and over,*,Male,*,565
1930,85 years and over,*,Male,*,566
1930,85 years and over,*,Female,*,567
1929,85 years and over,*,Female,*,568
1928,85 years and over,*,Female,*,569
*,*,Married(a),Male,*,570
*,*,Separated,Male,*,571
*,*,Divorced,Male,*,572
*,*,Widowed,Male,*,573
*,*,Never married,Male,*,574
*,*,Married(a),Female,*,575
*,*,Separated,Female,*,576
*,*,Divorced,Female,*,577
*,*,Widowed,Female,*,578
*,*,Never married,Female,*,579
2003,*,Married(a),Male,*,580
2003,*,Separated,Male,*,581
2002,*,Divorced,Male,*,582
2002,*,Widowed,Male,*,583
2001,*,Never married,Male,*,584
2001,*,Married(a),Female,*,585
2000,*,Separated,Female,*,586
2000,*,Divorced,Female,*,587
1999,*,Widowed,Female,*,588
1999,*,Never married,Female,*,589
1998,*,Married(a),Male,*,590
1998,*,Separated,Male,*,591
1997,*,Divorced,Male,*,592
1997,*,Widowed,Male,*,593
1996,*,Never married,Male,*,594
1996,*,Married(a),Female,*,595
1995,*,Separated,Female,*,596
1995,*,Divorced,Female,*,597
1994,*,Widowed,Female,*,598
1994,*,Never married,Female,*,599
1993,*,Married(a),Male,*,600
1992,*,Separated,Male,*,601
1991,*,Divorced,Male,*,602
1990,*,Widowed,Male,*,603
1989,*,Never married,Male,*,604
1988,*,Married(a),Female,*,605
1987,*,Separated,Female,*,606
1986,*,Divorced,Female,*,607
1985,*,Widowed,Female,*,608
1984,*,Never married,Female,*,609
1983,*,Married(a),Male,*,610
1982,*,Separated,Male,*,611
1981,*,Divorced,Male,*,612
1980,*,Widowed,Male,*,613
1979,*,Never married,Male,*,614
1978,*,Married(a),Female,*,615
1977,*,Separated,Female,*,616
1976,*,Divorced,Female,*,617
1975,*,Widowed,Female,*,618
1974,*,Never married,Female,*,619
1973,*,Married(a),Male,*,620
1972,*,Separated,Male,*,621
1971,*,Divorced,Male,*,622
1970,*,Widowed,Male,*,623
1969,*,Never married,Male,*,624
1968,*,Married(a),Female,*,625
1967,*,Separated,Female,*,626
1966,*,Divorced,Female,*,627
1965,*,Widowed,Female,*,628
1964,*,Never married,Female,*,629
1963,*,Married(a),Male,*,630
1962,*,Separated,Male,*,631
1961,*,Divorced,Male,*,632
1960,*,Widowed,Male,*,633
1959,*,Never married,Male,*,634
1958,*,Married(a),Female,*,635
1957,*,Separated,Female,*,636
1956,*,Divorced,Female,*,637
1955,*,Widowed,Female,*,638
1954,*,Never married,Female,*,639
1953,*,Married(a),Male,*,640
1952,*,Separated,Male,*,641
1951,*,Divorced,Male,*,642
1950,*,Widowed,Male,*,643
1949,*,Never married,Male,*,644
1948,*,Married(a),Female,*,645
1947,*,Separated,Female,*,646
1946,*,Divorced,Female,*,647
1945,*,Widowed,Female,*,648
1944,*,Never married,Female,*,649
1943,*,Married(a),Male,*,650
1942,*,Separated,Male,*,651
1941,*,Divorced,Male,*,652
1940,*,Widowed,Male,*,653
1939,*,Never married,Male,*,654
1938,*,Married(a),Female,*,655
1937,*,Separated,Female,*,656
1936,*,Divorced,Female,*,657
1935,*,Widowed,Female,*,658
1934,*,Never married,Female,*,659
1933,*,Married(a),Male,*,660
1933,*,Separated,Male,*,661
1932,*,Divorced,Male,*,662
1931,*,Widowed,Male,*,663
1930,*,Never married,Male,*,664
1930,*,Married(a),Female,*,665
1930,*,Separated,Female,*,666
1929,*,Divorced,Female,*,667
1929,*,Widowed,Female,*,668
1928,*,Never married,Female,*,669
*,15-19 years,Married(a),Male,*,670
*,15-19 years,Separated,Male,*,671
*,15-19 years,Divorced,Male,*,672
*,15-19 years,Widowed,Male,*,673
*,15-19 years,Never married,Male,*,674
*,15-19 years,Married(a),Female,*,675
*,15-19 years,Separated,Female,*,676
*,15-19 years,Divorced,Female,*,677
*,15-19 years,Widowed,Female,*,678
*,15-19 years,Never married,Female,*,679
*,20-24 years,Married(a),Male,*,680
*,20-24 years,Separated,Male,*,681
*,20-24 years,Divorced,Male,*,682
*,20-24 years,Widowed,Male,*,683
*,20-24 years,Never married,Male,*,684
*,20-24 years,Married(a),Female,*,685
*,20-24 years,Separated,Female,*,686
*,20-24 years,Divorced,Female,*,687
*,20-24 years,Widowed,Female,*,688
*,20-24 years,Never married,Female,*,689
*,25-34 years,Married(a),Male,*,690
*,25-34 years,Separated,Male,*,691
*,25-34 years,Divorced,Male,*,692
*,25-34 years,Widowed,Male,*,693
*,25-34 years,Never married,Male,*,694
*,25-34 years,Married(a),Female,*,695
*,25-34 years,Separated,Female,*,696
*,25-34 years,Divorced,Female,*,697
*,25-34 years,Widowed,Female,*,698
*,25-34 years,Never married,Female,*,699
*,35-44 years,Married(a),Male,*,700
*,35-44 years,Separated,Male,*,701
*,35-44 years,Divorced,Male,*,702
*,35-44 years,Widowed,Male,*,703
*,35-44 years,Never married,Male,*,704
*,35-44 years,Married(a),Female,*,705
*,35-44 years,Separated,Female,*,706
*,35-44 years,Divorced,Female,*,707
*,35-44 years,Widowed,Female,*,708
*,35-44 years,Never married,Female,*,709
*,45-54 years,Married(a),Male,*,710
*,45-54 years,Separated,Male,*,711
*,45-54 years,Divorced,Male,*,712
*,45-54 years,Widowed,Male,*,713
*,45-54 years,Never married,Male,*,714
*,45-54 years,Married(a),Female,*,715
*,45-54 years,Separated,Female,*,716
*,45-54 years,Divorced,Female,*,717
*,45-54 years,Widowed,Female,*,718
*,45-54 years,Never married,Female,*,719
*,55-64 years,Married(a),Male,*,720
*,55-64 years,Separated,Male,*,721
*,55-64 years,Divorced,Male,*,722
*,55-64 years,Widowed,Male,*,723
*,55-64 years,Never married,Male,*,724
*,55-64 years,Married(a),Female,*,725
*,55-64 years,Separated,Female,*,726
*,55-64 years,Divorced,Female,*,727
*,55-64 years,Widowed,Female,*,728
*,55-64 years,Never married,Female,*,729
*,65-74 years,Married(a),Male,*,730
*,65-74 years,Separated,Male,*,731
*,65-74 years,Divorced,Male,*,732
*,65-74 years,Widowed,Male,*,733
*,65-74 years,Never married,Male,*,734
*,65-74 years,Married(a),Female,*,735
*,65-74 years,Separated,Female,*,736
*,65-74 years,Divorced,Female,*,737
*,65-74 years,Widowed,Female,*,738
*,65-74 years,Never married,Female,*,739
*,75-84 years,Married(a),Male,*,740
*,75-84 years,Separated,Male,*,741
*,75-84 years,Divorced,Male,*,742
*,75-84 years,Widowed,Male,*,743
*,75-84 years,Never married,Male,*,744
*,75-84 years,Married(a),Female,*,745
*,75-84 years,Separated,Female,*,746
*,75-84 years,Divorced,Female,*,747
*,75-84 years,Widowed,Female,*,748
*,75-84 years,Never married,Female,*,749
*,85 years and over,Married(a),Male,*,750
*,85 years and over,Separated,Male,*,751
*,85 years and over,Divorced,Male,*,752
*,85 years and over,Widowed,Male,*,753
*,85 years and over,Never married,Male,*,754
*,85 years and over,Married(a),Female,*,755
*,85 years and over,Separated,Female,*,756
*,85 years and over,Divorced,Female,*,757
*,85 years and over,Widowed,Female,*,758
*,85 years and over,Never married,Female,*,759
2003,15-19 years,Married(a),Male,*,760
2003,15-19 years,Separated,Male,*,761
2002,15-19 years,Divorced,Male,*,762
2002,15-19 years,Widowed,Male,*,763
2001,15-19 years,Never married,Male,*,764
2001,15-19 years,Married(a),Female,*,765
2000,15-19 years,Separated,Female,*,766
2000,15-19 years,Divorced,Female,*,767
1999,15-19 years,Widowed,Female,*,768
1999,15-19 years,Never married,Female,*,769
1998,20-24 years,Married(a),Male,*,770
1998,20-24 years,Separated,Male,*,771
1997,20-24 years,Divorced,Male,*,772
1997,20-24 years,Widowed,Male,*,773
1996,20-24 years,Never married,Male,*,774
1996,20-24 years,Married(a),Female,*,775
1995,20-24 years,Separated,Female,*,776
1995,20-24 years,Divorced,Female,*,777
1994,20-24 years,Widowed,Female,*,778
1994,20-24 years,Never married,Female,*,779
1993,25-34 years,Married(a),Male,*,780
1992,25-34 years,Separated,Male,*,781
1991,25-34 years,Divorced,Male,*,782
1990,25-34 years,Widowed,Male,*,783
1989,25-34 years,Never married,Male,*,784
1988,25-34 years,Married(a),Female,*,785
1987,25-34 years,Separated,Female,*,786
1986,25-34 years,Divorced,Female,*,787
1985,25-34 years,Widowed,Female,*,788
1984,25-34 years,Never married,Female,*,789
1983,35-44 years,Married(a),Male,*,790
1982,35-44 years,Separated,Male,*,791
1981,35-44 years,Divorced,Male,*,792
1980,35-44 years,Widowed,Male,*,793
1979,35-44 years,Never married,Male,*,794
1978,35-44 years,Married(a),Female,*,795
1977,35-44 years,Separated,Female,*,796
1976,35-44 years,Divorced,Female,*,797
1975,35-44 years,Widowed,Female,*,798
1974,35-44 years,Never married,Female,*,799
1973,45-54 years,Married(a),Male,*,800
1972,45-54 years,Separated,Male,*,801
1971,45-54 years,Divorced,Male,*,802
1970,45-54 years,Widowed,Male,*,803
1969,45-54 years,Never married,Male,*,804
1968,45-54 years,Married(a),Female,*,805
1967,45-54 years,Separated,Female,*,806
1966,45-54 years,Divorced,Female,*,807
1965,45-54 years,Widowed,Female,*,808
1964,45-54 years,Never married,Female,*,809
1963,55-64 years,Married(a),Male,*,810
1962,55-64 years,Separated,Male,*,811
1961,55-64 years,Divorced,Male,*,812
1960,55-64 years,Widowed,Male,*,813
1959,55-64 years,Never married,Male,*,814
1958,55-64 years,Married(a),Female,*,815
1957,55-64 years,Separated,Female,*,816
1956,55-64 years,Divorced,Female,*,817
1955,55-64 years,Widowed,Female,*,818
1954,55-64 years,Never married,Female,*,819
1953,65-74 years,Married(a),Male,*,820
1952,65-74 years,Separated,Male,*,821
1951,65-74 years,Divorced,Male,*,822
1950,65-74 years,Widowed,Male,*,823
1949,65-74 years,Never married,Male,*,824
1948,65-74 years,Married(a),Female,*,825
1947,65-74 years,Separated,Female,*,826
1946,65-74 years,Divorced,Female,*,827
1945,65-74 years,Widowed,Female,*,828
1944,65-74 years,Never married,Female,*,829
1943,75-84 years,Married(a),Male,*,830
1942,75-84 years,Separated,Male,*,831
1941,75-84 years,Divorced,Male,*,832
1940,75-84 years,Widowed,Male,*,833
1939,75-84 years,Never married,Male,*,834
1938,75-84 years,Married(a),Female,*,835
1937,75-84 years,Separated,Female,*,836
1936,75-84 years,Divorced,Female,*,837
1935,75-84 years,Widowed,Female,*,838
1934,75-84 years,Never married,Female,*,839
1933,85 years and over,Married(a),Male,*,840
1933,85 years and over,Separated,Male,*,841
1932,85 years and over,Divorced,Male,*,842
1931,85 years and over,Widowed,Male,*,843
1930,85 years and over,Never married,Male,*,844
1930,85 years and over,Married(a),Female,*,845
1930,85 years and over,Separated,Female,*,846
1929,85 years and over,Divorced,Female,*,847
1929,85 years and over,Widowed,Female,*,848
1928,85 years and over,Never married,Female,*,849
*,*,*,*,Young,850
*,*,*,*,Middle Age,851
*,*,*,*,Old,852
2003,*,*,*,Young,853
2002,*,*,*,Young,854
2001,*,*,*,Young,855
2000,*,*,*,Young,856
1999,*,*,*,Young,857
1998,*,*,*,Young,858
1997,*,*,*,Young,859
1996,*,*,*,Young,860
1995,*,*,*,Young,861
1994,*,*,*,Young,862
1993,*,*,*,Young,863
1992,*,*,*,Young,864
1991,*,*,*,Young,865
1990,*,*,*,Young,866
1989,*,*,*,Young,867
1988,*,*,*,Young,868
1987,*,*,*,Young,869
1986,*,*,*,Young,870
1985,*,*,*,Young,871
1984,*,*,*,Young,872
1983,*,*,*,Middle Age,873
1982,*,*,*,Middle Age,874
1981,*,*,*,Middle Age,875
1980,*,*,*,Middle Age,876
1979,*,*,*,Middle Age,877
1978,*,*,*,Middle Age,878
1977,*,*,*,Middle Age,879
1976,*,*,*,Middle Age,880
1975,*,*,*,Middle Age,881
1974,*,*,*,Middle Age,882
1973,*,*,*,Middle Age,883
1972,*,*,*,Middle Age,884
1971,*,*,*,Middle Age,885
1970,*,*,*,Middle Age,886
1969,*,*,*,Middle Age,887
1968,*,*,*,Middle Age,888
1967,*,*,*,Middle Age,889
1966,*,*,*,Middle Age,890
1965,*,*,*,Middle Age,891
1964,*,*,*,Middle Age,892
1963,*,*,*,Middle Age,893
1962,*,*,*,Middle Age,894
1961,*,*,*,Middle Age,895
1960,*,*,*,Middle Age,896
1959,*,*,*,Middle Age,897
1958,*,*,*,Middle Age,898
1957,*,*,*,Middle Age,899
1956,*,*,*,Middle Age,900
1955,*,*,*,Middle Age,901
1954,*,*,*,Middle Age,902
1953,*,*,*,Old,903
1952,*,*,*,Old,904
1951,*,*,*,Old,905
1950,*,*,*,Old,906
1949,*,*,*,Old,907
1948,*,*,*,Old,908
1947,*,*,*,Old,909
1946,*,*,*,Old,910
1945,*,*,*,Old,911
1944,*,*,*,Old,912
1943,*,*,*,Old,913
1942,*,*,*,Old,914
1941,*,*,*,Old,915
1940,*,*,*,Old,916
1939,*,*,*,Old,917
1938,*,*,*,Old,918
1937,*,*,*,Old,919
1936,*,*,*,Old,920
1935,*,*,*,Old,921
1934,*,*,*,Old,922
1933,*,*,*,Old,923
1932,*,*,*,Old,924
1931,*,*,*,Old,925
1930,*,*,*,Old,926
1929,*,*,*,Old,927
1928,*,*,*,Old,928
*,15-19 years,*,*,Young,929
*,20-24 years,*,*,Young,930
*,25-34 years,*,*,Young,931
*,35-44 years,*,*,Middle Age,932
*,45-54 years,*,*,Middle Age,933
*,55-64 years,*,*,Middle Age,934
*,65-74 years,*,*,Old,935
*,75-84 years,*,*,Old,936
*,85 years and over,*,*,Old,937
2003,15-19 years,*,*,Young,938
2002,15-19 years,*,*,Young,939
2001,15-19 years,*,*,Young,940
2000,15-19 years,*,*,Young,941
1999,15-19 years,*,*,Young,942
1998,20-24 years,*,*,Young,943
1997,20-24 years,*,*,Young,944
1996,20-24 years,*,*,Young,945
1995,20-24 years,*,*,Young,946
1994,20-24 years,*,*,Young,947
1993,25-34 years,*,*,Young,948
1992,25-34 years,*,*,Young,949
1991,25-34 years,*,*,Young,950
1990,25-34 years,*,*,Young,951
1989,25-34 years,*,*,Young,952
1988,25-34 years,*,*,Young,953
1987,25-34 years,*,*,Young,954
1986,25-34 years,*,*,Young,955
1985,25-34 years,*,*,Young,956
1984,25-34 years,*,*,Young,957
1983,35-44 years,*,*,Middle Age,958
1982,35-44 years,*,*,Middle Age,959
1981,35-44 years,*,*,Middle Age,960
1980,35-44 years,*,*,Middle Age,961
1979,35-44 years,*,*,Middle Age,962
1978,35-44 years,*,*,Middle Age,963
1977,35-44 years,*,*,Middle Age,964
1976,35-44 years,*,*,Middle Age,965
1975,35-44 years,*,*,Middle Age,966
1974,35-44 years,*,*,Middle Age,967
1973,45-54 years,*,*,Middle Age,968
1972,45-54 years,*,*,Middle Age,969
1971,45-54 years,*,*,Middle Age,970
1970,45-54 years,*,*,Middle Age,971
1969,45-54 years,*,*,Middle Age,972
1968,45-54 years,*,*,Middle Age,973
1967,45-54 years,*,*,Middle Age,974
1966,45-54 years,*,*,Middle Age,975
1965,45-54 years,*,*,Middle Age,976
1964,45-54 years,*,*,Middle Age,977
1963,55-64 years,*,*,Middle Age,978
1962,55-64 years,*,*,Middle Age,979
1961,55-64 years,*,*,Middle Age,980
1960,55-64 years,*,*,Middle Age,981
1959,55-64 years,*,*,Middle Age,982
1958,55-64 years,*,*,Middle Age,983
1957,55-64 years,*,*,Middle Age,984
1956,55-64 years,*,*,Middle Age,985
1955,55-64 years,*,*,Middle Age,986
1954,55-64 years,*,*,Middle Age,987
1953,65-74 years,*,*,Old,988
1952,65-74 years,*,*,Old,989
1951,65-74 years,*,*,Old,990
1950,65-74 years,*,*,Old,991
1949,65-74 years,*,*,Old,992
1948,65-74 years,*,*,Old,993
1947,65-74 years,*,*,Old,994
1946,65-74 years,*,*,Old,995
1945,65-74 years,*,*,Old,996
1944,65-74 years,*,*,Old,997
1943,75-84 years,*,*,Old,998
1942,75-84 years,*,*,Old,999
1941,75-84 years,*,*,Old,1000
1940,75-84 years,*,*,Old,1001
1939,75-84 years,*,*,Old,1002
1938,75-84 years,*,*,Old,1003
1937,75-84 years,*,*,Old,1004
1936,75-84 years,*,*,Old,1005
1935,75-84 years,*,*,Old,1006
1934,75-84 years,*,*,Old,1007
1933,85 years and over,*,*,Old,1008
1932,85 years and over,*,*,Old,1009
1931,85 years and over,*,*,Old,1010
1930,85 years and over,*,*,Old,1011
1929,85 years and over,*,*,Old,1012
1928,85 years and over,*,*,Old,1013
*,*,Married(a),*,Young,1014
*,*,Separated,*,Young,1015
*,*,Divorced,*,Young,1016
*,*,Widowed,*,Young,1017
*,*,Never married,*,Young,1018
*,*,Married(a),*,Middle Age,1019
*,*,Separated,*,Middle Age,1020
*,*,Divorced,*,Middle Age,1021
*,*,Widowed,*,Middle Age,1022
*,*,Never married,*,Middle Age,1023
*,*,Married(a),*,Old,1024
*,*,Separated,*,Old,1025
*,*,Divorced,*,Old,1026
*,*,Widowed,*,Old,1027
*,*,Never married,*,Old,1028
2003,*,Married(a),*,Young,1029
2003,*,Separated,*,Young,1030
2002,*,Divorced,*,Young,1031
2002,*,Widowed,*,Young,1032
2001,*,Never married,*,Young,1033
2001,*,Married(a),*,Young,1034
2000,*,Separated,*,Young,1035
2000,*,Divorced,*,Young,1036
1999,*,Widowed,*,Young,1037
1999,*,Never married,*,Young,1038
1998,*,Married(a),*,Young,1039
1998,*,Separated,*,Young,1040
1997,*,Divorced,*,Young,1041
1997,*,Widowed,*,Young,1042
1996,*,Never married,*,Young,1043
1996,*,Married(a),*,Young,1044
1995,*,Separated,*,Young,1045
1995,*,Divorced,*,Young,1046
1994,*,Widowed,*,Young,1047
1994,*,Never married,*,Young,1048
1993,*,Married(a),*,Young,1049
1992,*,Separated,*,Young,1050
1991,*,Divorced,*,Young,1051
1990,*,Widowed,*,Young,1052
1989,*,Never married,*,Young,1053
1988,*,Married(a),*,Young,1054
1987,*,Separated,*,Young,1055
1986,*,Divorced,*,Young,1056
1985,*,Widowed,*,Young,1057
1984,*,Never married,*,Young,1058
1983,*,Married(a),*,Middle Age,1059
1982,*,Separated,*,Middle Age,1060
1981,*,Divorced,*,Middle Age,1061
1980,*,Widowed,*,Middle Age,1062
1979,*,Never married,*,Middle Age,1063
1978,*,Married(a),*,Middle Age,1064
1977,*,Separated,*,Middle Age,1065
1976,*,Divorced,*,Middle Age,1066
1975,*,Widowed,*,Middle Age,1067
1974,*,Never married,*,Middle Age,1068
1973,*,Married(a),*,Middle Age,1069
1972,*,Separated,*,Middle Age,1070
1971,*,Divorced,*,Middle Age,1071
1970,*,Widowed,*,Middle Age,1072
1969,*,Never married,*,Middle Age,1073
1968,*,Married(a),*,Middle Age,1074
1967,*,Separated,*,Middle Age,1075
1966,*,Divorced,*,Middle Age,1076
1965,*,Widowed,*,Middle Age,1077
1964,*,Never married,*,Middle Age,1078
1963,*,Married(a),*,Middle Age,1079
1962,*,Separated,*,Middle Age,1080
1961,*,Divorced,*,Middle Age,1081
1960,*,Widowed,*,Middle Age,1082
1959,*,Never married,*,Middle Age,1083
1958,*,Married(a),*,Middle Age,1084
1957,*,Separated,*,Middle Age,1085
1956,*,Divorced,*,Middle Age,1086
1955,*,Widowed,*,Middle Age,1087
1954,*,Never married,*,Middle Age,1088
1953,*,Married(a),*,Old,1089
1952,*,Separated,*,Old,1090
1951,*,Divorced,*,Old,1091
1950,*,Widowed,*,Old,1092
1949,*,Never married,*,Old,1093
1948,*,Married(a),*,Old,1094
1947,*,Separated,*,Old,1095
1946,*,Divorced,*,Old,1096
1945,*,Widowed,*,Old,1097
1944,*,Never married,*,Old,1098
1943,*,Married(a),*,Old,1099
1942,*,Separated,*,Old,1100
1941,*,Divorced,*,Old,1101
1940,*,Widowed,*,Old,1102
1939,*,Never married,*,Old,1103
1938,*,Married(a),*,Old,1104
1937,*,Separated,*,Old,1105
1936,*,Divorced,*,Old,1106
1935,*,Widowed,*,Old,1107
1934,*,Never married,*,Old,1108
1933,*,Married(a),*,Old,1109
1933,*,Separated,*,Old,1110
1932,*,Divorced,*,Old,1111
1931,*,Widowed,*,Old,1112
1930,*,Never married,*,Old,1113
1930,*,Married(a),*,Old,1114
1930,*,Separated,*,Old,1115
1929,*,Divorced,*,Old,1116
1929,*,Widowed,*,Old,1117
1928,*,Never married,*,Old,1118
*,15-19 years,Married(a),*,Young,1119
*,15-19 years,Separated,*,Young,1120
*,15-19 years,Divorced,*,Young,1121
*,15-19 years,Widowed,*,Young,1122
*,15-19 years,Never married,*,Young,1123
*,20-24 years,Married(a),*,Young,1124
*,20-24 years,Separated,*,Young,1125
*,20-24 years,Divorced,*,Young,1126
*,20-24 years,Widowed,*,Young,1127
*,20-24 years,Never married,*,Young,1128
*,25-34 years,Married(a),*,Young,1129
*,25-34 years,Separated,*,Young,1130
*,25-34 years,Divorced,*,Young,1131
*,25-34 years,Widowed,*,Young,1132
*,25-34 years,Never married,*,Young,1133
*,35-44 years,Married(a),*,Middle Age,1134
*,35-44 years,Separated,*,Middle Age,1135
*,35-44 years,Divorced,*,Middle Age,1136
*,35-44 years,Widowed,*,Middle Age,1137
*,35-44 years,Never married,*,Middle Age,1138
*,45-54 years,Married(a),*,Middle Age,1139
*,45-54 years,Separated,*,Middle Age,1140
*,45-54 years,Divorced,*,Middle Age,1141
*,45-54 years,Widowed,*,Middle Age,1142
*,45-54 years,Never married,*,Middle Age,1143
*,55-64 years,Married(a),*,Middle Age,1144
*,55-64 years,Separated,*,Middle Age,1145
*,55-64 years,Divorced,*,Middle Age,1146
*,55-64 years,Widowed,*,Middle Age,1147
*,55-64 years,Never married,*,Middle Age,1148
*,65-74 years,Married(a),*,Old,1149
*,65-74 years,Separated,*,Old,1150
*,65-74 years,Divorced,*,Old,1151
*,65-74 years,Widowed,*,Old,1152
*,65-74 years,Never married,*,Old,1153
*,75-84 years,Married(a),*,Old,1154
*,75-84 years,Separated,*,Old,1155
*,75-84 years,Divorced,*,Old,1156
*,75-84 years,Widowed,*,Old,1157
*,75-84 years,Never married,*,Old,1158
*,85 years and over,Married(a),*,Old,1159
*,85 years and over,Separated,*,Old,1160
*,85 years and over,Divorced,*,Old,1161
*,85 years and over,Widowed,*,Old,1162
*,85 years and over,Never married,*,Old,1163
2003,15-19 years,Married(a),*,Young,1164
2003,15-19 years,Separated,*,Young,1165
2002,15-19 years,Divorced,*,Young,1166
2002,15-19 years,Widowed,*,Young,1167
2001,15-19 years,Never married,*,Young,1168
2001,15-19 years,Married(a),*,Young,1169
2000,15-19 years,Separated,*,Young,1170
2000,15-19 years,Divorced,*,Young,1171
1999,15-19 years,Widowed,*,Young,1172
1999,15-19 years,Never married,*,Young,1173
1998,20-24 years,Married(a),*,Young,1174
1998,20-24 years,Separated,*,Young,1175
1997,20-24 years,Divorced,*,Young,1176
1997,20-24 years,Widowed,*,Young,1177
1996,20-24 years,Never married,*,Young,1178
1996,20-24 years,Married(a),*,Young,1179
1995,20-24 years,Separated,*,Young,1180
1995,20-24 years,Divorced,*,Young,1181
1994,20-24 years,Widowed,*,Young,1182
1994,20-24 years,Never married,*,Young,1183
1993,25-34 years,Married(a),*,Young,1184
1992,25-34 years,Separated,*,Young,1185
1991,25-34 years,Divorced,*,Young,1186
1990,25-34 years,Widowed,*,Young,1187
1989,25-34 years,Never married,*,Young,1188
1988,25-34 years,Married(a),*,Young,1189
1987,25-34 years,Separated,*,Young,1190
1986,25-34 years,Divorced,*,Young,1191
1985,25-34 years,Widowed,*,Young,1192
1984,25-34 years,Never married,*,Young,1193
1983,35-44 years,Married(a),*,Middle Age,1194
1982,35-44 years,Separated,*,Middle Age,1195
1981,35-44 years,Divorced,*,Middle Age,1196
1980,35-44 years,Widowed,*,Middle Age,1197
1979,35-44 years,Never married,*,Middle Age,1198
1978,35-44 years,Married(a),*,Middle Age,1199
1977,35-44 years,Separated,*,Middle Age,1200
1976,35-44 years,Divorced,*,Middle Age,1201
1975,35-44 years,Widowed,*,Middle Age,1202
1974,35-44 years,Never married,*,Middle Age,1203
1973,45-54 years,Married(a),*,Middle Age,1204
1972,45-54 years,Separated,*,Middle Age,1205
1971,45-54 years,Divorced,*,Middle Age,1206
1970,45-54 years,Widowed,*,Middle Age,1207
1969,45-54 years,Never married,*,Middle Age,1208
1968,45-54 years,Married(a),*,Middle Age,1209
1967,45-54 years,Separated,*,Middle Age,1210
1966,45-54 years,Divorced,*,Middle Age,1211
1965,45-54 years,Widowed,*,Middle Age,1212
1964,45-54 years,Never married,*,Middle Age,1213
1963,55-64 years,Married(a),*,Middle Age,1214
1962,55-64 years,Separated,*,Middle Age,1215
1961,55-64 years,Divorced,*,Middle Age,1216
1960,55-64 years,Widowed,*,Middle Age,1217
1959,55-64 years,Never married,*,Middle Age,1218
1958,55-64 years,Married(a),*,Middle Age,1219
1957,55-64 years,Separated,*,Middle Age,1220
1956,55-64 years,Divorced,*,Middle Age,1221
1955,55-64 years,Widowed,*,Middle Age,1222
1954,55-64 years,Never married,*,Middle Age,1223
1953,65-74 years,Married(a),*,Old,1224
1952,65-74 years,Separated,*,Old,1225
1951,65-74 years,Divorced,*,Old,1226
1950,65-74 years,Widowed,*,Old,1227
1949,65-74 years,Never married,*,Old,1228
1948,65-74 years,Married(a),*,Old,1229
1947,65-74 years,Separated,*,Old,1230
1946,65-74 years,Divorced,*,Old,1231
1945,65-74 years,Widowed,*,Old,1232
1944,65-74 years,Never married,*,Old,1233
1943,75-84 years,Married(a),*,Old,1234
1942,75-84 years,Separated,*,Old,1235
1941,75-84 years,Divorced,*,Old,1236
1940,75-84 years,Widowed,*,Old,1237
1939,75-84 years,Never married,*,Old,1238
1938,75-84 years,Married(a),*,Old,1239
1937,75-84 years,Separated,*,Old,1240
1936,75-84 years,Divorced,*,Old,1241
1935,75-84 years,Widowed,*,Old,1242
1934,75-84 years,Never married,*,Old,1243
1933,85 years and over,Married(a),*,Old,1244
1933,85 years and over,Separated,*,Old,1245
1932,85 years and over,Divorced,*,Old,1246
1931,85 years and over,Widowed,*,Old,1247
1930,85 years and over,Never married,*,Old,1248
1930,85 years and over,Married(a),*,Old,1249
1930,85 years and over,Separated,*,Old,1250
1929,85 years and over,Divorced,*,Old,1251
1929,85 years and over,Widowed,*,Old,1252
1928,85 years and over,Never married,*,Old,1253
*,*,*,Male,Young,1254
*,*,*,Female,Young,1255
*,*,*,Male,Middle Age,1256
*,*,*,Female,Middle Age,1257
*,*,*,Male,Old,1258
*,*,*,Female,Old,1259
2003,*,*,Male,Young,1260
2002,*,*,Male,Young,1261
2001,*,*,Male,Young,1262
2001,*,*,Female,Young,1263
2000,*,*,Female,Young,1264
1999,*,*,Female,Young,1265
1998,*,*,Male,Young,1266
1997,*,*,Male,Young,1267
1996,*,*,Male,Young,1268
1996,*,*,Female,Young,1269
1995,*,*,Female,Young,1270
1994,*,*,Female,Young,1271
1993,*,*,Male,Young,1272
1992,*,*,Male,Young,1273
1991,*,*,Male,Young,1274
1990,*,*,Male,Young,1275
1989,*,*,Male,Young,1276
1988,*,*,Female,Young,1277
1987,*,*,Female,Young,1278
1986,*,*,Female,Young,1279
1985,*,*,Female,Young,1280
1984,*,*,Female,Young,1281
1983,*,*,Male,Middle Age,1282
1982,*,*,Male,Middle Age,1283
1981,*,*,Male,Middle Age,1284
1980,*,*,Male,Middle Age,1285
1979,*,*,Male,Middle Age,1286
1978,*,*,Female,Middle Age,1287
1977,*,*,Female,Middle Age,1288
1976,*,*,Female,Middle Age,1289
1975,*,*,Female,Middle Age,1290
1974,*,*,Female,Middle Age,1291
1973,*,*,Male,Middle Age,1292
1972,*,*,Male,Middle Age,1293
1971,*,*,Male,Middle Age,1294
1970,*,*,Male,Middle Age,1295
1969,*,*,Male,Middle Age,1296
1968,*,*,Female,Middle Age,1297
1967,*,*,Female,Middle Age,1298
1966,*,*,Female,Middle Age,1299
1965,*,*,Female,Middle Age,1300
1964,*,*,Female,Middle Age,1301
1963,*,*,Male,Middle Age,1302
1962,*,*,Male,Middle Age,1303
1961,*,*,Male,Middle Age,1304
1960,*,*,Male,Middle Age,1305
1959,*,*,Male,Middle Age,1306
1958,*,*,Female,Middle Age,1307
1957,*,*,Female,Middle Age,1308
1956,*,*,Female,Middle Age,1309
1955,*,*,Female,Middle Age,1310
1954,*,*,Female,Middle Age,1311
1953,*,*,Male,Old,1312
1952,*,*,Male,Old,1313
1951,*,*,Male,Old,1314
1950,*,*,Male,Old,1315
1949,*,*,Male,Old,1316
1948,*,*,Female,Old,1317
1947,*,*,Female,Old,1318
1946,*,*,Female,Old,1319
1945,*,*,Female,Old,1320
1944,*,*,Female,Old,1321
1943,*,*,Male,Old,1322
1942,*,*,Male,Old,1323
1941,*,*,Male,Old,1324
1940,*,*,Male,Old,1325
1939,*,*,Male,Old,1326
1938,*,*,Female,Old,1327
1937,*,*,Female,Old,1328
1936,*,*,Female,Old,1329
1935,*,*,Female,Old,1330
1934,*,*,Female,Old,1331
1933,*,*,Male,Old,1332
1932,*,*,Male,Old,1333
1931,*,*,Male,Old,1334
1930,*,*,Male,Old,1335
1930,*,*,Female,Old,1336
1929,*,*,Female,Old,1337
1928,*,*,Female,Old,1338
*,15-19 years,*,Male,Young,1339
*,15-19 years,*,Female,Young,1340
*,20-24 years,*,Male,Young,1341
*,20-24 years,*,Female,Young,1342
*,25-34 years,*,Male,Young,1343
*,25-34 years,*,Female,Young,1344
*,35-44 years,*,Male,Middle Age,1345
*,35-44 years,*,Female,Middle Age,1346
*,45-54 years,*,Male,Middle Age,1347
*,45-54 years,*,Female,Middle Age,1348
*,55-64 years,*,Male,Middle Age,1349
*,55-64 years,*,Female,Middle Age,1350
*,65-74 years,*,Male,Old,1351
*,65-74 years,*,Female,Old,1352
*,75-84 years,*,Male,Old,1353
*,75-84 years,*,Female,Old,1354
*,85 years and over,*,Male,Old,1355
*,85 years and over,*,Female,Old,1356
2003,15-19 years,*,Male,Young,1357
2002,15-19 years,*,Male,Young,1358
2001,15-19 years,*,Male,Young,1359
2001,15-19 years,*,Female,Young,1360
2000,15-19 years,*,Female,Young,1361
1999,15-19 years,*,Female,Young,1362
1998,20-24 years,*,Male,Young,1363
1997,20-24 years,*,Male,Young,1364
1996,20-24 years,*,Male,Young,1365
1996,20-24 years,*,Female,Young,1366
1995,20-24 years,*,Female,Young,1367
1994,20-24 years,*,Female,Young,1368
1993,25-34 years,*,Male,Young,1369
1992,25-34 years,*,Male,Young,1370
1991,25-34 years,*,Male,Young,1371
1990,25-34 years,*,Male,Young,1372
1989,25-34 years,*,Male,Young,1373
1988,25-34 years,*,Female,Young,1374
1987,25-34 years,*,Female,Young,1375
1986,25-34 years,*,Female,Young,1376
1985,25-34 years,*,Female,Young,1377
1984,25-34 years,*,Female,Young,1378
1983,35-44 years,*,Male,Middle Age,1379
1982,35-44 years,*,Male,Middle Age,1380
1981,35-44 years,*,Male,Middle Age,1381
1980,35-44 years,*,Male,Middle Age,1382
1979,35-44 years,*,Male,Middle Age,1383
1978,35-44 years,*,Female,Middle Age,1384
1977,35-44 years,*,Female,Middle Age,1385
1976,35-44 years,*,Female,Middle Age,1386
1975,35-44 years,*,Female,Middle Age,1387
1974,35-44 years,*,Female,Middle Age,1388
1973,45-54 years,*,Male,Middle Age,1389
1972,45-54 years,*,Male,Middle Age,1390
1971,45-54 years,*,Male,Middle Age,1391
1970,45-54 years,*,Male,Middle Age,1392
1969,45-54 years,*,Male,Middle Age,1393
1968,45-54 years,*,Female,Middle Age,1394
1967,45-54 years,*,Female,Middle Age,1395
1966,45-54 years,*,Female,Middle Age,1396
1965,45-54 years,*,Female,Middle Age,1397
1964,45-54 years,*,Female,Middle Age,1398
1963,55-64 years,*,Male,Middle Age,1399
1962,55-64 years,*,Male,Middle Age,1400
1961,55-64 years,*,Male,Middle Age,1401
1960,55-64 years,*,Male,Middle Age,1402
1959,55-64 years,*,Male,Middle Age,1403
1958,55-64 years,*,Female,Middle Age,1404
1957,55-64 years,*,Female,Middle Age,1405
1956,55-64 years,*,Female,Middle Age,1406
1955,55-64 years,*,Female,Middle Age,1407
1954,55-64 years,*,Female,Middle Age,1408
1953,65-74 years,*,Male,Old,1409
1952,65-74 years,*,Male,Old,1410
1951,65-74 years,*,Male,Old,1411
1950,65-74 years,*,Male,Old,1412
1949,65-74 years,*,Male,Old,1413
1948,65-74 years,*,Female,Old,1414
1947,65-74 years,*,Female,Old,1415
1946,65-74 years,*,Female,Old,1416
1945,65-74 years,*,Female,Old,1417
1944,65-74 years,*,Female,Old,1418
1943,75-84 years,*,Male,Old,1419
1942,75-84 years,*,Male,Old,1420
1941,75-84 years,*,Male,Old,1421
1940,75-84 years,*,Male,Old,1422
1939,75-84 years,*,Male,Old,1423
1938,75-84 years,*,Female,Old,1424
1937,75-84 years,*,Female,Old,1425
1936,75-84 years,*,Female,Old,1426
1935,75-84 years,*,Female,Old,1427
1934,75-84 years,*,Female,Old,1428
1933,85 years and over,*,Male,Old,1429
1932,85 years and over,*,Male,Old,1430
1931,85 years and over,*,Male,Old,1431
1930,85 years and over,*,Male,Old,1432
1930,85 years and over,*,Female,Old,1433
1929,85 years and over,*,Female,Old,1434
1928,85 years and over,*,Female,Old,1435
*,*,Married(a),Male,Young,1436
*,*,Separated,Male,Young,1437
*,*,Divorced,Male,Young,1438
*,*,Widowed,Male,Young,1439
*,*,Never married,Male,Young,1440
*,*,Married(a),Female,Young,1441
*,*,Separated,Female,Young,1442
*,*,Divorced,Female,Young,1443
*,*,Widowed,Female,Young,1444
*,*,Never married,Female,Young,1445
*,*,Married(a),Male,Middle Age,1446
*,*,Separated,Male,Middle Age,1447
*,*,Divorced,Male,Middle Age,1448
*,*,Widowed,Male,Middle Age,1449
*,*,Never married,Male,Middle Age,1450
*,*,Married(a),Female,Middle Age,1451
*,*,Separated,Female,Middle Age,1452
*,*,Divorced,Female,Middle Age,1453
*,*,Widowed,Female,Middle Age,1454
*,*,Never married,Female,Middle Age,1455
*,*,Married(a),Male,Old,1456
*,*,Separated,Male,Old,1457
*,*,Divorced,Male,Old,1458
*,*,Widowed,Male,Old,1459
*,*,Never married,Male,Old,1460
*,*,Married(a),Female,Old,1461
*,*,Separated,Female,Old,1462
*,*,Divorced,Female,Old,1463
*,*,Widowed,Female,Old,1464
*,*,Never married,Female,Old,1465
2003,*,Married(a),Male,Young,1466
2003,*,Separated,Male,Young,1467
2002,*,Divorced,Male,Young,1468
2002,*,Widowed,Male,Young,1469
2001,*,Never married,Male,Young,1470
2001,*,Married(a),Female,Young,1471
2000,*,Separated,Female,Young,1472
2000,*,Divorced,Female,Young,1473
1999,*,Widowed,Female,Young,1474
1999,*,Never married,Female,Young,1475
1998,*,Married(a),Male,Young,1476
1998,*,Separated,Male,Young,1477
1997,*,Divorced,Male,Young,1478
1997,*,Widowed,Male,Young,1479
1996,*,Never married,Male,Young,1480
1996,*,Married(a),Female,Young,1481
1995,*,Separated,Female,Young,1482
1995,*,Divorced,Female,Young,1483
1994,*,Widowed,Female,Young,1484
1994,*,Never married,Female,Young,1485
1993,*,Married(a),Male,Young,1486
1992,*,Separated,Male,Young,1487
1991,*,Divorced,Male,Young,1488
1990,*,Widowed,Male,Young,1489
1989,*,Never married,Male,Young,1490
1988,*,Married(a),Female,Young,1491
1987,*,Separated,Female,Young,1492
1986,*,Divorced,Female,Young,1493
1985,*,Widowed,Female,Young,1494
1984,*,Never married,Female,Young,1495
1983,*,Married(a),Male,Middle Age,1496
1982,*,Separated,Male,Middle Age,1497
1981,*,Divorced,Male,Middle Age,1498
1980,*,Widowed,Male,Middle Age,1499
1979,*,Never married,Male,Middle Age,1500
1978,*,Married(a),Female,Middle Age,1501
1977,*,Separated,Female,Middle Age,1502
1976,*,Divorced,Female,Middle Age,1503
1975,*,Widowed,Female,Middle Age,1504
1974,*,Never married,Female,Middle Age,1505
1973,*,Married(a),Male,Middle Age,1506
1972,*,Separated,Male,Middle Age,1507
1971,*,Divorced,Male,Middle Age,1508
1970,*,Widowed,Male,Middle Age,1509
1969,*,Never married,Male,Middle Age,1510
1968,*,Married(a),Female,Middle Age,1511
1967,*,Separated,Female,Middle Age,1512
1966,*,Divorced,Female,Middle Age,1513
1965,*,Widowed,Female,Middle Age,1514
1964,*,Never married,Female,Middle Age,1515
1963,*,Married(a),Male,Middle Age,1516
1962,*,Separated,Male,Middle Age,1517
1961,*,Divorced,Male,Middle Age,1518
1960,*,Widowed,Male,Middle Age,1519
1959,*,Never married,Male,Middle Age,1520
1958,*,Married(a),Female,Middle Age,1521
1957,*,Separated,Female,Middle Age,1522
1956,*,Divorced,Female,Middle Age,1523
1955,*,Widowed,Female,Middle Age,1524
1954,*,Never married,Female,Middle Age,1525
1953,*,Married(a),Male,Old,1526
1952,*,Separated,Male,Old,1527
1951,*,Divorced,Male,Old,1528
1950,*,Widowed,Male,Old,1529
1949,*,Never married,Male,Old,1530
1948,*,Married(a),Female,Old,1531
1947,*,Separated,Female,Old,1532
1946,*,Divorced,Female,Old,1533
1945,*,Widowed,Female,Old,1534
1944,*,Never married,Female,Old,1535
1943,*,Married(a),Male,Old,1536
1942,*,Separated,Male,Old,1537
1941,*,Divorced,Male,Old,1538
1940,*,Widowed,Male,Old,1539
1939,*,Never married,Male,Old,1540
1938,*,Married(a),Female,Old,1541
1937,*,Separated,Female,Old,1542
1936,*,Divorced,Female,Old,1543
1935,*,Widowed,Female,Old,1544
1934,*,Never married,Female,Old,1545
1933,*,Married(a),Male,Old,1546
1933,*,Separated,Male,Old,1547
1932,*,Divorced,Male,Old,1548
1931,*,Widowed,Male,Old,1549
1930,*,Never married,Male,Old,1550
1930,*,Married(a),Female,Old,1551
1930,*,Separated,Female,Old,1552
1929,*,Divorced,Female,Old,1553
1929,*,Widowed,Female,Old,1554
1928,*,Never married,Female,Old,1555
*,15-19 years,Married(a),Male,Young,1556
*,15-19 years,Separated,Male,Young,1557
*,15-19 years,Divorced,Male,Young,1558
*,15-19 years,Widowed,Male,Young,1559
*,15-19 years,Never married,Male,Young,1560
*,15-19 years,Married(a),Female,Young,1561
*,15-19 years,Separated,Female,Young,1562
*,15-19 years,Divorced,Female,Young,1563
*,15-19 years,Widowed,Female,Young,1564
*,15-19 years,Never married,Female,Young,1565
*,20-24 years,Married(a),Male,Young,1566
*,20-24 years,Separated,Male,Young,1567
*,20-24 years,Divorced,Male,Young,1568
*,20-24 years,Widowed,Male,Young,1569
*,20-24 years,Never married,Male,Young,1570
*,20-24 years,Married(a),Female,Young,1571
*,20-24 years,Separated,Female,Young,1572
*,20-24 years,Divorced,Female,Young,1573
*,20-24 years,Widowed,Female,Young,1574
*,20-24 years,Never married,Female,Young,1575
*,25-34 years,Married(a),Male,Young,1576
*,25-34 years,Separated,Male,Young,1577
*,25-34 years,Divorced,Male,Young,1578
*,25-34 years,Widowed,Male,Young,1579
*,25-34 years,Never married,Male,Young,1580
*,25-34 years,Married(a),Female,Young,1581
*,25-34 years,Separated,Female,Young,1582
*,25-34 years,Divorced,Female,Young,1583
*,25-34 years,Widowed,Female,Young,1584
*,25-34 years,Never married,Female,Young,1585
*,35-44 years,Married(a),Male,Middle Age,1586
*,35-44 years,Separated,Male,Middle Age,1587
*,35-44 years,Divorced,Male,Middle Age,1588
*,35-44 years,Widowed,Male,Middle Age,1589
*,35-44 years,Never married,Male,Middle Age,1590
*,35-44 years,Married(a),Female,Middle Age,1591
*,35-44 years,Separated,Female,Middle Age,1592
*,35-44 years,Divorced,Female,Middle Age,1593
*,35-44 years,Widowed,Female,Middle Age,1594
*,35-44 years,Never married,Female,Middle Age,1595
*,45-54 years,Married(a),Male,Middle Age,1596
*,45-54 years,Separated,Male,Middle Age,1597
*,45-54 years,Divorced,Male,Middle Age,1598
*,45-54 years,Widowed,Male,Middle Age,1599
*,45-54 years,Never married,Male,Middle Age,1600
*,45-54 years,Married(a),Female,Middle Age,1601
*,45-54 years,Separated,Female,Middle Age,1602
*,45-54 years,Divorced,Female,Middle Age,1603
*,45-54 years,Widowed,Female,Middle Age,1604
*,45-54 years,Never married,Female,Middle Age,1605
*,55-64 years,Married(a),Male,Middle Age,1606
*,55-64 years,Separated,Male,Middle Age,1607
*,55-64 years,Divorced,Male,Middle Age,1608
*,55-64 years,Widowed,Male,Middle Age,1609
*,55-64 years,Never married,Male,Middle Age,1610
*,55-64 years,Married(a),Female,Middle Age,1611
*,55-64 years,Separated,Female,Middle Age,1612
*,55-64 years,Divorced,Female,Middle Age,1613
*,55-64 years,Widowed,Female,Middle Age,1614
*,55-64 years,Never married,Female,Middle Age,1615
*,65-74 years,Married(a),Male,Old,1616
*,65-74 years,Separated,Male,Old,1617
*,65-74 years,Divorced,Male,Old,1618
*,65-74 years,Widowed,Male,Old,1619
*,65-74 years,Never married,Male,Old,1620
*,65-74 years,Married(a),Female,Old,1621
*,65-74 years,Separated,Female,Old,1622
*,65-74 years,Divorced,Female,Old,1623
*,65-74 years,Widowed,Female,Old,1624
*,65-74 years,Never married,Female,Old,1625
*,75-84 years,Married(a),Male,Old,1626
*,75-84 years,Separated,Male,Old,1627
*,75-84 years,Divorced,Male,Old,1628
*,75-84 years,Widowed,Male,Old,1629
*,75-84 years,Never married,Male,Old,1630
*,75-84 years,Married(a),Female,Old,1631
*,75-84 years,Separated,Female,Old,1632
*,75-84 years,Divorced,Female,Old,1633
*,75-84 years,Widowed,Female,Old,1634
*,75-84 years,Never married,Female,Old,1635
*,85 years and over,Married(a),Male,Old,1636
*,85 years and over,Separated,Male,Old,1637
*,85 years and over,Divorced,Male,Old,1638
*,85 years and over,Widowed,Male,Old,1639
*,85 years and over,Never married,Male,Old,1640
*,85 years and over,Married(a),Female,Old,1641
*,85 years and over,Separated,Female,Old,1642
*,85 years and over,Divorced,Female,Old,1643
*,85 years and over,Widowed,Female,Old,1644
*,85 years and over,Never married,Female,Old,1645
2003,15-19 years,Married(a),Male,Young,1646
2003,15-19 years,Separated,Male,Young,1647
2002,15-19 years,Divorced,Male,Young,1648
2002,15-19 years,Widowed,Male,Young,1649
2001,15-19 years,Never married,Male,Young,1650
2001,15-19 years,Married(a),Female,Young,1651
2000,15-19 years,Separated,Female,Young,1652
2000,15-19 years,Divorced,Female,Young,1653
1999,15-19 years,Widowed,Female,Young,1654
1999,15-19 years,Never married,Female,Young,1655
1998,20-24 years,Married(a),Male,Young,1656
1998,20-24 years,Separated,Male,Young,1657
1997,20-24 years,Divorced,Male,Young,1658
1997,20-24 years,Widowed,Male,Young,1659
1996,20-24 years,Never married,Male,Young,1660
1996,20-24 years,Married(a),Female,Young,1661
1995,20-24 years,Separated,Female,Young,1662
1995,20-24 years,Divorced,Female,Young,1663
1994,20-24 years,Widowed,Female,Young,1664
1994,20-24 years,Never married,Female,Young,1665
1993,25-34 years,Married(a),Male,Young,1666
1992,25-34 years,Separated,Male,Young,1667
1991,25-34 years,Divorced,Male,Young,1668
1990,25-34 years,Widowed,Male,Young,1669
1989,25-34 years,Never married,Male,Young,1670
1988,25-34 years,Married(a),Female,Young,1671
1987,25-34 years,Separated,Female,Young,1672
1986,25-34 years,Divorced,Female,Young,1673
1985,25-34 years,Widowed,Female,Young,1674
1984,25-34 years,Never married,Female,Young,1675
1983,35-44 years,Married(a),Male,Middle Age,1676
1982,35-44 years,Separated,Male,Middle Age,1677
1981,35-44 years,Divorced,Male,Middle Age,1678
1980,35-44 years,Widowed,Male,Middle Age,1679
1979,35-44 years,Never married,Male,Middle Age,1680
1978,35-44 years,Married(a),Female,Middle Age,1681
1977,35-44 years,Separated,Female,Middle Age,1682
1976,35-44 years,Divorced,Female,Middle Age,1683
1975,35-44 years,Widowed,Female,Middle Age,1684
1974,35-44 years,Never married,Female,Middle Age,1685
1973,45-54 years,Married(a),Male,Middle Age,1686
1972,45-54 years,Separated,Male,Middle Age,1687
1971,45-54 years,Divorced,Male,Middle Age,1688
1970,45-54 years,Widowed,Male,Middle Age,1689
1969,45-54 years,Never married,Male,Middle Age,1690
1968,45-54 years,Married(a),Female,Middle Age,1691
1967,45-54 years,Separated,Female,Middle Age,1692
1966,45-54 years,Divorced,Female,Middle Age,1693
1965,45-54 years,Widowed,Female,Middle Age,1694
1964,45-54 years,Never married,Female,Middle Age,1695
1963,55-64 years,Married(a),Male,Middle Age,1696
1962,55-64 years,Separated,Male,Middle Age,1697
1961,55-64 years,Divorced,Male,Middle Age,1698
1960,55-64 years,Widowed,Male,Middle Age,1699
1959,55-64 years,Never married,Male,Middle Age,1700
1958,55-64 years,Married(a),Female,Middle Age,1701
1957,55-64 years,Separated,Female,Middle Age,1702
1956,55-64 years,Divorced,Female,Middle Age,1703
1955,55-64 years,Widowed,Female,Middle Age,1704
1954,55-64 years,Never married,Female,Middle Age,1705
1953,65-74 years,Married(a),Male,Old,1706
1952,65-74 years,Separated,Male,Old,1707
1951,65-74 years,Divorced,Male,Old,1708
1950,65-74 years,Widowed,Male,Old,1709
1949,65-74 years,Never married,Male,Old,1710
1948,65-74 years,Married(a),Female,Old,1711
1947,65-74 years,Separated,Female,Old,1712
1946,65-74 years,Divorced,Female,Old,1713
1945,65-74 years,Widowed,Female,Old,1714
1944,65-74 years,Never married,Female,Old,1715
1943,75-84 years,Married(a),Male,Old,1716
1942,75-84 years,Separated,Male,Old,1717
1941,75-84 years,Divorced,Male,Old,1718
1940,75-84 years,Widowed,Male,Old,1719
1939,75-84 years,Never married,Male,Old,1720
1938,75-84 years,Married(a),Female,Old,1721
1937,75-84 years,Separated,Female,Old,1722
1936,75-84 years,Divorced,Female,Old,1723
1935,75-84 years,Widowed,Female,Old,1724
1934,75-84 years,Never married,Female,Old,1725
1933,85 years and over,Married(a),Male,Old,1726
1933,85 years and over,Separated,Male,Old,1727
1932,85 years and over,Divorced,Male,Old,1728
1931,85 years and over,Widowed,Male,Old,1729
1930,85 years and over,Never married,Male,Old,1730
1930,85 years and over,Married(a),Female,Old,1731
1930,85 years and over,Separated,Female,Old,1732
1929,85 years and over,Divorced,Female,Old,1733
1929,85 years and over,Widowed,Female,Old,1734
1928,85 years and over,Never married,Female,Old,1735
